City_ID,City,Country,Max Temp,Current Description,Lat,Lng,Hotel Name
0,Port Elizabeth,ZA,61.09,scattered clouds,-33.918,25.5701,39 On Nile Guest House
2,Wilmington,US,77.95,clear sky,34.2257,-77.9447,"Hotel Ballast Wilmington, Tapestry Collection by Hilton"
4,Uruguaiana,BR,64.33,light rain,-29.7547,-57.0883,Fares Turis Hotel
8,Brisbane,AU,67.15,moderate rain,-27.4679,153.0281,Royal On The Park Brisbane
10,Hilo,US,80.33,light rain,19.7297,-155.09,Hilo Hawaiian Hotel
12,Sao Filipe,CV,79.65,clear sky,14.8961,-24.4956,Hotel Xaguate
14,Banda Aceh,ID,79.79,overcast clouds,5.5577,95.3222,Sulthan Hotel International
15,Cape Town,ZA,61.27,moderate rain,-33.9258,18.4232,Southern Sun Waterfront Cape Town
16,Nishihara,JP,80.65,scattered clouds,26.1842,127.7558,Minshuku Agaihama
19,Imbituba,BR,71.49,overcast clouds,-28.24,-48.6703,Praia Hotel Imbituba
20,Bengkulu,ID,75.33,light rain,-3.8004,102.2655,Grage Hotel Bengkulu
21,Katsuura,JP,65.19,overcast clouds,35.1333,140.3,Katsuura Hotel Mikazuki
31,Hambantota,LK,77.34,clear sky,6.1241,81.1185,Bungalow 63
33,Port Hedland,AU,62.65,clear sky,-20.3167,118.5667,The Esplanade Hotel
35,Vaini,TO,77.16,broken clouds,-21.2,-175.2,Keleti Beach Resort
36,Ternate,ID,81.48,overcast clouds,0.8,127.4,Grand Dafam Bela Ternate
39,Charters Towers,AU,79.41,clear sky,-20.1,146.2667,Cattleman's Rest Motor Inn
42,Jamestown,US,69.3,broken clouds,42.097,-79.2353,Hampton Inn & Suites Jamestown
43,Avarua,CK,78.85,few clouds,-21.2078,-159.775,Paradise Inn
44,Port Macquarie,AU,67.89,overcast clouds,-31.4333,152.9167,Rydges Port Macquarie
45,Plettenberg Bay,ZA,62.71,broken clouds,-34.0527,23.3716,Thanda Vista B&B
48,Butaritari,KI,81.7,clear sky,3.0707,172.7902,Isles Sunset Lodge
54,Rikitea,PF,74.48,overcast clouds,-23.1203,-134.9692,People ThankYou
56,Chuy,UY,63.57,moderate rain,-33.6971,-53.4616,Nuevo Hotel Plaza
58,Port Alfred,ZA,65.26,broken clouds,-33.5906,26.891,The Halyards Hotel
60,Carutapera,BR,80.37,few clouds,-1.195,-46.02,Lidera
62,Atuona,PF,77.77,clear sky,-9.8,-139.0333,Villa Enata
63,Sal Rei,CV,77.56,scattered clouds,16.1833,-22.9167,Marine Club Beach Resort
64,Salalah,OM,77.09,clear sky,17.0151,54.0924,"HAMDAN PLAZA HOTEL SALALAH, an HTG Hotel"
66,Half Moon Bay,US,70.41,overcast clouds,37.4636,-122.4286,"The Ritz-Carlton, Half Moon Bay"
67,Luganville,VU,83.48,overcast clouds,-15.5333,167.1667,The Espiritu Hotel
68,Adeje,ES,70.88,few clouds,28.1227,-16.726,Gran Tacande Wellness & Relax
70,Acarau,BR,78.84,scattered clouds,-2.8856,-40.12,castelo pizzaria
74,Mineral Wells,US,73.81,light rain,32.8085,-98.1128,The Baker Hotel and Spa
77,Feira De Santana,BR,77.41,broken clouds,-12.2667,-38.9667,Hotel Paraiso
80,Kapaa,US,82.38,light rain,22.0752,-159.319,Sheraton Kauai Coconut Beach Resort
85,Hithadhoo,MV,83.3,broken clouds,-0.6,73.0833,Scoop Guest House
87,Rawson,AR,68.29,broken clouds,-43.3002,-65.1023,Hosteria Sampedro
91,Castro,BR,63.99,overcast clouds,-24.7911,-50.0119,CHACARA BAILLY
94,Abu Dhabi,AE,86.02,clear sky,24.4667,54.3667,Ramee Garden Hotel Apartments
96,Samarai,PG,81.57,overcast clouds,-10.6167,150.6667,Nuli Sapi
97,Vikindu,TZ,76.64,few clouds,-7.0067,39.2985,RUTA GUEST HOUSE
98,Bodden Town,KY,87.8,few clouds,19.2833,-81.25,Will T Place
99,Axim,GH,78.26,moderate rain,4.8699,-2.2405,Axim Beach Resort And Spa
100,Bredasdorp,ZA,63.72,scattered clouds,-34.5322,20.0403,Bredasdorp Country Manor
101,Airai,TL,62.28,overcast clouds,-8.9266,125.4092,Juvinal Martin
104,East London,ZA,68.59,overcast clouds,-33.0153,27.9116,Tu Casa
105,Eureka,US,61.41,clear sky,40.8021,-124.1637,Eureka Inn Trademark By Wyndham
106,Trincomalee,LK,81.12,overcast clouds,8.5711,81.2335,Welcombe Hotel
108,Luena,AO,68.0,clear sky,-11.7833,19.9167,Hotel Kandamba
109,Mar Del Plata,AR,64.09,light intensity drizzle,-38.0023,-57.5575,Gran Hotel Mar del Plata
110,Hasaki,JP,61.2,overcast clouds,35.7333,140.8333,Hotel Sunrise Choshi
112,San Jose,US,71.46,broken clouds,37.3394,-121.895,The Westin San Jose
115,Alta Floresta,BR,76.93,broken clouds,-9.8756,-56.0861,Floresta Amazonica Hotel
118,Tabuk,PH,74.32,overcast clouds,17.4189,121.4443,Golden Berries Hotel and Convention
120,Nizwa,OM,79.11,clear sky,22.9333,57.5333,Orient Apartments
121,Chapais,CA,62.76,overcast clouds,49.7834,-74.8492,Hôtel Opémiska
122,Andapa,MG,66.63,overcast clouds,-14.65,49.65,Ramanandraibe Andapa
123,Grand Gaube,MU,70.38,few clouds,-20.0064,57.6608,Veranda Paul et Virginie Hotel & Spa
125,Tiarei,PF,84.22,broken clouds,-17.5333,-149.3333,Le Rocher de Tahiti
126,Moron,AR,64.96,light rain,-34.6534,-58.6198,Hotel Morón
128,Puerto Ayora,EC,76.96,broken clouds,-0.7393,-90.3518,Finch Bay Galapagos Hotel
129,San Quintin,MX,69.66,clear sky,30.4833,-115.95,Don Eddie's Sport Fishing Center
130,Cap Malheureux,MU,70.47,few clouds,-19.9842,57.6142,Pereybere Hotel & Spa
131,Lompoc,US,78.01,clear sky,34.6391,-120.4579,"Holiday Inn Express Lompoc, an IHG Hotel"
132,Arraial Do Cabo,BR,71.56,few clouds,-22.9661,-42.0278,Pousada Porto Praia
134,Tucuman,AR,87.8,overcast clouds,-26.8241,-65.2226,Dallas Hotel Tucuman
135,Ambikapur,IN,67.84,scattered clouds,23.1167,83.2,STARiHOTEL Ambikapur
136,Saint George,US,63.43,clear sky,37.1041,-113.5841,Best Western Plus Abbey Inn
139,Saldanha,ZA,60.85,light rain,-33.0117,17.9442,Blue Bay Lodge
140,Kadoma,JP,69.78,scattered clouds,34.7333,135.5833,Hotel Agora Osaka Moriguchi
147,Georgetown,MY,80.53,few clouds,5.4112,100.3354,Cititel Penang
150,Vredendal,ZA,62.02,overcast clouds,-31.6683,18.5012,Tharrakamma Guest House
153,Touros,BR,81.5,broken clouds,-5.1989,-35.4608,INN NEW HORIZON
155,Papetoai,PF,83.79,overcast clouds,-17.4961,-149.8729,Fare Vaihere
156,Mount Isa,AU,71.37,broken clouds,-20.7333,139.5,ibis Styles Mt Isa Verona
158,Mahebourg,MU,70.25,few clouds,-20.4081,57.7,Shandrani Beachcomber Resort & Spa
159,Quatre Cocos,MU,70.09,scattered clouds,-20.2078,57.7625,Sunrise Attitude Hotel
162,Cilegon,ID,78.69,overcast clouds,-6.0174,106.0538,Amaris Hotel Cilegon
163,Sulangan,PH,82.9,overcast clouds,11.1373,123.7228,Maia's Beach Resort
165,Bilma,NE,82.4,broken clouds,18.6853,12.9164,Expeditions Ténére voyages
166,Namatanai,PG,84.49,overcast clouds,-3.6667,152.4333,Seagulls Inn Namatani
167,Utiel,ES,60.89,few clouds,39.5667,-1.2,Hotel Restaurante El Tollo
168,Umm Lajj,SA,88.12,clear sky,25.0213,37.2685,Moon light Furnished Units
169,Eufaula,US,84.63,clear sky,31.8913,-85.1455,Days Inn by Wyndham Eufaula AL
170,Aljezur,PT,65.5,scattered clouds,37.3191,-8.8033,Amazigh Hostel
172,Santa Isabel,BR,70.9,overcast clouds,-23.3156,-46.2214,Chácara Sombra do Altíssimo
173,Warri,NG,75.52,overcast clouds,5.5167,5.75,BON Hotel Delta
176,Victoria,HK,81.25,broken clouds,22.2855,114.1577,Mini Hotel Central
179,Matara,LK,78.26,overcast clouds,5.9485,80.5353,Amaloh Boutique Resort
180,Sabang,ID,81.81,light rain,5.8933,95.3214,Hotel Citra
183,Ixtapa,MX,88.23,light rain,20.7,-105.2,Hotel Plaza Providencia
185,Aswan,EG,89.83,broken clouds,24.0934,32.907,Nuba Nile
186,Kahului,US,87.06,scattered clouds,20.8947,-156.47,Maui Seaside Hotel
187,Vila Velha,BR,73.35,broken clouds,-20.3297,-40.2925,Quality Suites Vila Velha
188,Fez,MA,68.25,clear sky,34.0372,-4.9998,Hotel Mounia Fès
190,Mahibadhoo,MV,82.53,broken clouds,3.7833,72.9667,Omadhoo Inn
191,Kavaratti,IN,82.17,overcast clouds,10.5669,72.642,Hotels in Lakshadweep Islands
192,Nosy Varika,MG,69.19,scattered clouds,-20.5833,48.5333,Hotel Volazara
196,Kavieng,PG,85.33,overcast clouds,-2.5744,150.7967,Nusa Island Retreat
199,Traverse City,US,68.07,broken clouds,44.7631,-85.6206,Bayshore Resort
200,Najran,SA,70.45,clear sky,17.4924,44.1277,محمد هادي ال فطيح
201,Faanui,PF,78.98,light rain,-16.4833,-151.75,Bora-Bora Pearl Beach Resort & Spa
202,Kisangani,CD,69.53,broken clouds,0.5167,25.2,Grand Ramela Hotel
204,Kushima,JP,72.91,few clouds,31.4583,131.2333,Hanaoka
205,San Remo,IT,63.32,few clouds,43.8182,7.7612,Royal Hotel Sanremo
207,Santa Maria,BR,79.9,light rain,-29.6842,-53.8069,Hotel Morotin
208,Bandarbeyla,SO,77.79,overcast clouds,9.4942,50.8122,JABIR HOTEL
212,Cayenne,GF,84.24,clear sky,4.9333,-52.3333,Hôtel Le Dronmi
213,Ishigaki,JP,80.73,few clouds,24.3448,124.1572,Hotel Peace Land Ishigakijima
215,Bosaso,SO,82.24,scattered clouds,11.2842,49.1816,Red Sea Hotel
218,Auki,SB,84.83,scattered clouds,-8.7676,160.7034,Auki Motel
221,Manicore,BR,82.99,broken clouds,-5.8092,-61.3003,Hotel Durval
222,Marovoay,MG,77.14,overcast clouds,-16.1,46.6333,Hôtel les Oliviers Marovoay
225,Karratha,AU,73.06,clear sky,-20.7377,116.8463,ibis Styles Karratha
226,Garissa,KE,75.88,overcast clouds,-0.4536,39.6401,Sharif Plaza Hotel
227,Puerto Ayacucho,VE,81.9,scattered clouds,5.6639,-67.6236,Posada Turistica Manapiare
229,Muros,ES,65.84,clear sky,42.7762,-9.0603,Apartment Av. Castelao
231,Kloulklubed,PW,79.3,broken clouds,7.0419,134.2556,Storyboard Beach Resort
232,Campestre,BR,64.85,broken clouds,-21.7111,-46.2464,O Precinho
233,Hirara,JP,82.22,overcast clouds,24.8,125.2833,Hotel Atoll Emerald Miyakojima
234,Nortelandia,BR,89.51,broken clouds,-14.4547,-56.8028,Hotel Karysmã
235,Coquimbo,CL,64.13,clear sky,-29.9533,-71.3436,Punto de encuentro
236,Salinas,US,70.41,broken clouds,36.6777,-121.6555,Laurel Inn & Conference Center
240,Bitung,ID,76.05,overcast clouds,1.4451,125.1824,K2 Lembeh
241,Cove,BJ,75.49,scattered clouds,7.221,2.3402,TG Hôtel
243,Cozumel,MX,88.0,broken clouds,20.5083,-86.9458,Cozumel Palace® All Inclusive Resort
245,Koumac,NC,75.96,few clouds,-20.5667,164.2833,Le Monitel
250,Praia Da Vitoria,PT,68.76,scattered clouds,38.7333,-27.0667,Hotel Branco I
253,Salta,AR,81.19,scattered clouds,-24.7859,-65.4117,Hotel Alejandro I
255,Jalpaiguri,IN,74.25,scattered clouds,26.5167,88.7333,"CAMELOT, JALPAIGURI"
259,Sao Joao Da Barra,BR,73.49,clear sky,-21.6403,-41.0511,Pousada Porto De Canoas
263,Aguas Formosas,BR,73.51,overcast clouds,-17.0822,-40.9358,HAVAY PALACE HOTEL
264,Port Hueneme,US,81.63,clear sky,34.1478,-119.1951,Hampton Inn Channel Islands Harbor
267,Ambagarh Chauki,IN,70.59,broken clouds,20.7833,80.7167,Hunesh kunjam home ....
268,Sinnamary,GF,81.54,clear sky,5.3833,-52.95,ALETHEIA Appartement Sinnamary
269,Alora,ES,67.5,clear sky,36.8236,-4.7058,Apartments Vientos de Santa María
271,Samur,RU,60.33,clear sky,41.8253,48.486,Samur
272,Fare,PF,79.12,moderate rain,-16.7,-151.0167,Maitai Lapita Village Huahine
276,Fortuna,US,61.2,clear sky,40.5982,-124.1573,Super 8 by Wyndham Fortuna
278,Flinders,AU,65.25,broken clouds,-34.5833,150.8552,Shellharbour Resort & Conference Centre
279,Fomboni,KM,78.42,scattered clouds,-12.28,43.7425,Auberge les abou
280,Alofi,NU,76.89,few clouds,-19.0595,-169.9187,Taloa Heights
281,Cabo San Lucas,MX,89.19,few clouds,22.8909,-109.9124,Hotel Tesoro Los Cabos
282,Tayu,ID,75.9,broken clouds,-6.5397,111.0518,Toko pakaian bu is Tayu
284,Dakar,SN,80.73,few clouds,14.6937,-17.4441,Redface Studios Meublés
285,Ribeira Grande,PT,72.0,broken clouds,38.5167,-28.7,Quinta da Meia Eira
286,Maceio,BR,80.04,few clouds,-9.6658,-35.7353,Poutur Pousada
287,Lorengau,PG,84.79,broken clouds,-2.0226,147.2712,Lorengau Harbourside Hotel
288,Praya,CV,77.54,broken clouds,14.9215,-23.5087,LT Aparthotel
289,Saint-Philippe,RE,72.95,scattered clouds,-21.3585,55.7679,"Chambres d'hôte ""La Trinité"""
290,Goderich,CA,69.21,scattered clouds,43.7501,-81.7165,Harmony Inn
292,Kattivakkam,IN,78.89,overcast clouds,13.2167,80.3167,Euronova Freezer
293,Buchanan,LR,78.76,scattered clouds,5.8808,-10.0467,Kamaneahn Hotel Inc
294,Mucuri,BR,73.8,broken clouds,-18.0864,-39.5508,La Bodeguita Pousada
296,Kota Tinggi,MY,82.44,broken clouds,1.7381,103.8999,Canopy Tribe
297,Bethel,US,67.73,overcast clouds,41.3712,-73.414,Courtyard by Marriott Danbury
298,Lagoa,PT,70.38,overcast clouds,39.05,-27.9833,Casa Das Faias
301,Chandbali,IN,79.3,very heavy rain,20.7833,86.7667,KABITA HOMES
303,Takoradi,GH,78.01,light rain,4.8845,-1.7554,Raybow International Hotel
304,Mitsamiouli,KM,77.74,broken clouds,-11.3847,43.2844,Foyer ADM
305,San Cristobal,VE,82.58,scattered clouds,7.7669,-72.225,Posada Villaven C.A.
306,Kununurra,AU,71.58,few clouds,-15.7667,128.7333,Hotel Kununurra
307,La Palma,US,82.17,clear sky,33.8464,-118.0467,La Quinta Inn & Suites by Wyndham Buena Park
309,Mattru,SL,75.13,light rain,7.6244,-11.8332,"Mondkor Town, Bagbo Chiefdom, Bo District"
310,Benghazi,LY,72.99,clear sky,32.1167,20.0667,Tibesti Hotel
311,Isangel,VU,82.51,few clouds,-19.55,169.2667,Tanna Lodge
313,Ewa Beach,US,83.08,broken clouds,21.3156,-158.0072,Uncle Junior Robert
314,Calama,CL,70.39,clear sky,-22.4667,-68.9333,Diego De Almagro Calama
316,Tura,IN,72.95,scattered clouds,25.5198,90.2201,Hotel RIKMAN Continental
317,Hamilton,US,76.95,overcast clouds,39.1834,-84.5333,Six Acres Bed & Breakfast
318,Itoman,JP,81.37,broken clouds,26.1247,127.6694,Southern Beach Hotel & Resort Okinawa
320,Kijang,KR,62.33,broken clouds,35.2442,129.2139,Samyang Beach Villa
321,Sumbe,AO,74.52,few clouds,-11.2061,13.8437,Hotel Ritz Sumbe
323,Sterling,US,76.86,scattered clouds,39.0062,-77.4286,Hampton Inn & Suites Washington-Dulles International Airport
324,Porto Novo,BJ,82.22,light rain,6.4965,2.6036,Tour Eiffel Hotel Benin
326,Sao Jose Da Coroa Grande,BR,77.29,scattered clouds,-8.8978,-35.1478,Crôa Mares Hotel
328,Saint Anthony,US,65.14,haze,45.0205,-93.218,"Holiday Inn Express Roseville-St. Paul, an IHG Hotel"
329,Cockburn Town,TC,82.36,broken clouds,21.4612,-71.1419,Osprey Beach Hotel
330,Manjacaze,MZ,68.56,clear sky,-24.7117,33.8828,Hotel Gani
333,Ponta Delgada,PT,70.52,broken clouds,37.7333,-25.6667,Vila Nova Hotel
335,Lalmohan,BD,81.61,overcast clouds,22.3384,90.7419,Sundorbon courier service
341,Marawi,PH,66.65,overcast clouds,7.9986,124.2928,Derogongan Residence
344,Tete,MZ,82.49,scattered clouds,-16.1564,33.5867,Zambeze Paraíso Misterioso
349,Ojinaga,MX,80.56,scattered clouds,29.5667,-104.4167,Suites Las Palmas
352,Catuday,PH,78.8,overcast clouds,16.2923,119.8062,Benjie's Kubo & Cottages
355,Ngunguru,NZ,61.16,clear sky,-35.6167,174.5,Pacific Rendezvous Motel Resort
356,Aksum,ET,62.56,broken clouds,14.1245,38.7244,Remhai Hotel
358,Shrirangapattana,IN,68.92,overcast clouds,12.4136,76.7042,Srinivasa Agrahara
361,Vao,NC,70.66,scattered clouds,-22.6667,167.4833,Hotel Kou-Bugny
364,Morant Bay,JM,85.62,few clouds,17.8815,-76.4093,Whispering Bamboo Cove Resort
365,Ewo,CG,70.63,light rain,-0.8725,14.8206,Residence Elonda Ewo
367,Mackay,AU,80.04,broken clouds,-21.15,149.2,International Lodge Motel
368,Puerto Madryn,AR,68.92,broken clouds,-42.7692,-65.0385,Hotel Tolosa
369,Bathsheba,BB,84.81,scattered clouds,13.2167,-59.5167,Atlantis Hotel
370,Sorong,ID,83.01,overcast clouds,-0.8833,131.25,waigo splash hotel
371,Celestun,MX,84.94,clear sky,20.8667,-90.4,Posada Lilia
373,Lircay,PE,73.94,moderate rain,-12.9896,-74.7205,Hostal Escobar
375,Ailigandi,PA,81.84,broken clouds,9.2333,-78.0167,Akwa Reef Lodge
376,Salvador,SV,79.2,broken clouds,13.8333,-88.9167,Chico's Ranch
378,Tabou,CI,78.37,scattered clouds,4.423,-7.3528,hotêl doufoulougou
379,Bo Rai,TH,81.86,moderate rain,12.5728,102.5371,Baiboon Resort
384,Pangai,TO,77.11,broken clouds,-19.8,-174.35,Ha'apai Beach Resort
387,Santa Branca,BR,76.05,scattered clouds,-23.3967,-45.8839,Jardins do Mirante
389,Bontang,ID,78.19,overcast clouds,0.1333,117.5,KOPKAR Hotel Bintang Sintuk
390,Turayf,SA,73.65,broken clouds,31.6725,38.6637,Turaif
391,Mitzic,GA,68.49,moderate rain,0.7821,11.549,Motel Emys
393,Toyooka,JP,64.51,overcast clouds,35.5333,134.8333,O Hotel Toyooka
394,Loandjili,CG,76.5,scattered clouds,-4.7561,11.8578,Résidence ARCHANGE
397,Vila Franca Do Campo,PT,70.21,broken clouds,37.7167,-25.4333,Pestana Bahia Praia
398,Presidencia Roque Saenz Pena,AR,74.61,scattered clouds,-26.7852,-60.4388,Hotel Aconcagua
401,Bambous Virieux,MU,70.21,few clouds,-20.3428,57.7575,Casa Tia Villa
402,Porto Velho,BR,82.45,few clouds,-8.7619,-63.9039,Hotel Central
405,Nouadhibou,MR,67.98,few clouds,20.931,-17.0347,El Medina
407,Bam,IR,68.74,clear sky,29.106,58.357,Bam Tourist Hotel
408,Ponta Do Sol,PT,72.23,broken clouds,32.6667,-17.1,Hotel do Campo
410,Tezu,IN,76.05,scattered clouds,27.9167,96.1667,Circuit House
413,Mogadishu,SO,77.47,overcast clouds,2.0371,45.3438,Hotel Juba
414,Laje,BR,85.32,overcast clouds,-10.1833,-40.9667,NN Pousada
415,Olinda,BR,82.13,broken clouds,-8.0089,-34.8553,Hotel Albergue de Olinda
416,Magnolia,US,87.48,overcast clouds,33.2671,-93.2393,Budget Inn
417,Matay,EG,76.51,scattered clouds,28.419,30.7792,Nag Aespen
418,Bonthe,SL,78.84,light rain,7.5264,-12.505,Bonthe Holiday Village
420,Bani,DO,85.75,overcast clouds,18.2833,-70.3333,Hospedaje Henriquez
421,Tchollire,CM,77.43,overcast clouds,8.4022,14.1698,"Auberge ""l'amicale"""
428,Dalby,AU,63.99,overcast clouds,-27.1833,151.2667,Kobbers Motor Inn Dalby
429,Vanimo,PG,79.86,overcast clouds,-2.6741,141.3028,Vahmoneh Lodge Vanimo
430,Areosa,PT,68.07,clear sky,41.7178,-8.8571,Hotel Flôr de Sal
432,Richards Bay,ZA,76.24,broken clouds,-28.783,32.0377,BON Hotel Waterfront Richards Bay
433,Clinton,US,75.02,light rain,42.587,-82.9199,Hampton Inn Detroit/Roseville
434,Guerrero Negro,MX,75.96,clear sky,27.9769,-114.0611,"Casa Laguna, Bed & Breakfast"
435,Coreau,BR,81.19,scattered clouds,-3.5333,-40.6567,LOJA E POUSADA CARCARÁ
437,Akom,CM,67.37,light rain,2.6678,12.7109,Complexe Hôtelier Jeannette
439,Cuamba,MZ,78.06,broken clouds,-14.8031,36.5372,Hotel Vision
441,Beyla,GN,72.1,light rain,8.6833,-8.6333,DIAN SINKO
446,Tomatlan,MX,85.48,overcast clouds,19.9333,-105.25,El Salvial
447,Ariquemes,BR,87.35,overcast clouds,-9.9133,-63.0408,Hotel Sol Nascente - Ariquemes - RO
451,Tupelo,US,88.09,clear sky,34.2576,-88.7034,"Hilton Garden Inn Tupelo, MS"
453,Los Llanos De Aridane,ES,67.75,few clouds,28.6585,-17.9182,Valle Aridane
458,Mareeba,AU,70.52,broken clouds,-17.0,145.4333,Trinity Plains Tourist Park
460,Deming,US,69.69,clear sky,32.2687,-107.7586,Best Western Deming Southwest Inn
461,Uvinza,TZ,75.74,overcast clouds,-5.1036,30.3911,Crown Lodge
463,Sarwar,IN,76.3,clear sky,26.0667,75.0,सैनी समाज भवन न.2
464,Caluquembe,AO,64.76,broken clouds,-13.7833,14.6833,Hotel Kalukembe
466,Shelburne,CA,67.57,overcast clouds,44.0787,-80.2041,The Retreat at the Farm
468,Sai Buri,TH,77.11,overcast clouds,6.7013,101.6168,ร้าน​ เวดดิ้ง
470,Dicabisagan,PH,78.39,light rain,17.0818,122.4157,Nancy Montanes Bernardo
471,Nara,JP,69.08,overcast clouds,34.6851,135.8049,Guesthouse Nara Komachi
472,Tahta,EG,80.55,clear sky,26.7693,31.5021,مصطفي عساف
473,Cantaura,VE,83.79,overcast clouds,9.3057,-64.3584,Hotel Lorenzana
474,Mocuba,MZ,71.06,clear sky,-16.8392,36.9856,Phama Lodge
475,Evanston,US,64.78,overcast clouds,42.0411,-87.6901,Hilton Garden Inn Chicago North Shore/Evanston
476,Tonaya,MX,82.65,overcast clouds,19.7833,-103.9667,Mayra gallardo
480,Sukhumi,GE,64.18,broken clouds,43.0033,41.0153,Ritsa Hotel
481,Danielskuil,ZA,70.39,clear sky,-28.1887,23.5395,Botha'Sig Gastehuis
484,Allen,US,77.09,broken clouds,41.0706,-85.0144,"Holiday Inn Express Fort Wayne-East (New Haven), an IHG Hotel"
487,Prabumulih,ID,73.42,overcast clouds,-3.45,104.25,OYO 2722 Lemon Residence Prabumulih
488,Kathu,TH,84.69,overcast clouds,7.9178,98.3332,Novotel Phuket Resort
489,Kampot,KH,82.45,overcast clouds,10.6167,104.1833,Two Moons Hotel
491,Mangrol,IN,81.48,clear sky,21.1167,70.1167,Hotel The Royal Honours
493,Maragogi,BR,76.75,scattered clouds,-9.0122,-35.2225,Salinas do Maragogi All Inclusive Resort
494,Nabire,ID,78.1,overcast clouds,-3.3667,135.4833,Hotel Nusantara Nabire
496,Gat,IL,78.4,scattered clouds,31.61,34.7642,OlusHome
498,Salinopolis,BR,81.45,clear sky,-0.6136,-47.3561,Salinas Park Resort Maçarico AP101
499,Rocha,UY,64.92,overcast clouds,-34.4833,-54.3333,Beleza Pura B&B
501,Itarema,BR,78.66,scattered clouds,-2.9248,-39.9167,"Sea Lounge! Bar, Club & Restaurant"
502,Nhulunbuy,AU,77.61,scattered clouds,-12.2333,136.7667,East Arnhem Real Estate
503,Ahuimanu,US,82.85,light rain,21.4447,-157.8378,Paradise Bay Resort
505,Nanakuli,US,83.1,overcast clouds,21.3906,-158.1547,Camp Pālehua
506,Beira,MZ,70.18,clear sky,-19.8436,34.8389,Beira Terrace Hotel
508,Kigorobya,UG,66.97,scattered clouds,1.6162,31.3089,Palace guest house kigorobya
509,Tevaitoa,PF,78.82,light rain,-16.7833,-151.5,Hôtel Raiatea Lodge
510,Kawalu,ID,71.98,overcast clouds,-7.3817,108.2082,KOSAN UNGU UNSIK
511,Nabisar,PK,83.71,clear sky,25.0685,69.6419,Dhani Parto Dars
512,Pozo Colorado,PY,89.62,overcast clouds,-23.4923,-58.7972,Hospedaje la Amistad
514,Amarillo,US,76.03,clear sky,35.222,-101.8313,Microtel Inn & Suites by Wyndham Amarillo
517,Camacha,PT,68.76,few clouds,33.0833,-16.3333,Hotel Porto Santo & Spa
518,Tulagi,SB,82.85,overcast clouds,-9.0996,160.1476,Raiders Hotel & Dive
520,Maha Sarakham,TH,78.19,light rain,16.3333,103.6667,บุญทัน​บาเบอร์
521,Santiago Del Estero,AR,77.81,clear sky,-27.7951,-64.2615,Apartamentos Castelli 90
524,Bud,US,73.9,broken clouds,39.447,-86.1758,Ted McQuinn Trust
525,Kerema,PG,79.66,broken clouds,-7.9631,145.7785,Frena Lodge
526,Belmonte,BR,75.7,overcast clouds,-15.8631,-38.8828,Pousada Monte Carmelo O Pão
527,Miki,JP,69.4,broken clouds,34.8,134.9833,小野向日葵ホテル
532,Nelson Bay,AU,69.01,scattered clouds,-32.7167,152.15,Mantra Nelson Bay
533,Thongwa,MM,78.96,overcast clouds,16.7619,96.5278,U Poe Sann
534,Ajdabiya,LY,68.16,clear sky,30.7554,20.2263,Almadina Hotel
535,Ranot,TH,81.05,overcast clouds,7.7777,100.3213,Pakbanglake resort ปากบางเลค รีสอร์ท
536,Saint-Pierre,RE,73.04,broken clouds,-21.3393,55.4781,Lindsey Hôtel
537,Dhidhdhoo,MV,82.51,scattered clouds,6.8833,73.1,Dhidhoo beach
540,Tonantins,BR,84.79,overcast clouds,-2.8731,-67.8022,Hotel Rei Davi
542,Escanaba,US,64.2,overcast clouds,45.7453,-87.0646,Sunset Lodge
543,Meulaboh,ID,76.41,overcast clouds,4.1363,96.1285,Kost Pria
545,Pimenta Bueno,BR,87.73,scattered clouds,-11.6725,-61.1936,Cristalina Palace Hotel
548,Brewster,US,68.22,overcast clouds,41.3973,-73.6171,Heidi's Inn
550,Alpena,US,68.32,overcast clouds,45.0617,-83.4327,Days Inn by Wyndham Alpena
555,Abnub,EG,79.75,clear sky,27.2696,31.1511,Romany Adly Gad
556,Kieta,PG,84.07,broken clouds,-6.2167,155.6333,Uruna Bay Retreat
557,Dumas,US,73.11,clear sky,35.8656,-101.9732,"Holiday Inn Express & Suites Dumas, an IHG Hotel"
558,Antofagasta,CL,60.08,few clouds,-23.65,-70.4,"Holiday Inn Express Antofagasta, an IHG Hotel"
561,Qom,IR,66.49,clear sky,34.6401,50.8764,Qom Hotel
562,Souillac,MU,70.36,few clouds,-20.5167,57.5167,Shanti Maurice Resort & Spa
564,Bambanglipuro,ID,76.05,broken clouds,-7.95,110.2833,Puri Brata
566,Waynesboro,US,77.14,broken clouds,38.0685,-78.8895,"Holiday Inn Express & Suites Waynesboro-Route 340, an IHG Hotel"
567,Solok,ID,70.12,broken clouds,-0.7918,100.6593,Mami Hotel & Restaurant
569,Betioky,MG,70.23,clear sky,-23.7167,44.3833,Bungalows Acacias Hotel
570,Mabaruma,GY,77.72,light rain,8.2,-59.7833,Monty Brooms Guest House
571,Macamic,CA,61.95,overcast clouds,48.7502,-78.9996,"Maison Tardif Enr. - Chambre à Macamic, QC"
572,Sao Felix Do Xingu,BR,81.86,broken clouds,-6.6447,-51.995,Rio Xingu Camping
573,Manati,PR,85.19,light rain,18.4275,-66.4921,Manati World Point Inn
574,Westport,US,69.06,overcast clouds,41.1415,-73.3579,The Westport Inn
575,Saint-Leu,RE,72.43,clear sky,-21.15,55.2833,La Caz Oceane
576,Halifax,CA,62.69,overcast clouds,44.6453,-63.5724,Hotel Halifax
579,Amahai,ID,79.09,overcast clouds,-3.3333,128.9167,HOTEL ISABELA
580,Balad,IQ,79.05,overcast clouds,34.0164,44.1453,رضاوي زنوبة
581,Robinson,US,87.8,scattered clouds,31.4677,-97.1147,Flat Creek Farms RV Resort
582,Mildmay,CA,67.73,scattered clouds,44.0501,-81.1164,Mildmay's Most Wanted
583,Shenjiamen,CN,77.05,overcast clouds,29.9576,122.298,Jinjiang Inn Zhoushan Putuo Shenjiamen
588,Polis,CY,67.82,broken clouds,35.0367,32.4264,Marion
589,Senanga,ZM,68.04,clear sky,-16.1167,23.2667,Zango lodge
591,Hualmay,PE,64.08,overcast clouds,-11.0964,-77.6139,Hotel Villa Kitzia Huacho
592,San Patricio,US,88.48,overcast clouds,28.017,-97.5169,"Motel 6 Sinton, TX"
593,Jiazi,CN,77.59,overcast clouds,22.8779,116.067,Hotel Jin Hao
594,Jalu,LY,72.88,clear sky,29.0331,21.5482,صاحبة الفخامة
595,Isla Vista,US,78.67,haze,34.4133,-119.861,Best Western Plus South Coast Inn
599,Moerai,PF,77.09,light rain,-22.4333,-151.3333,Le Manotel
600,Benguela,AO,73.49,few clouds,-12.5763,13.4055,Hotel Praia Morena
604,Ayame,CI,75.34,moderate rain,5.6083,-3.1563,Hotel Bossan
605,Uige,AO,68.4,overcast clouds,-7.6087,15.0613,Hotel Catraio
609,Raisinghnagar,IN,77.38,clear sky,29.5358,73.4492,LAXMI FAST FOOD AND CATERERS RSNR
611,Wake Forest,US,80.44,clear sky,35.9799,-78.5097,Hampton Inn Raleigh/Town Of Wake Forest
613,Gizo,SB,83.46,light rain,-8.103,156.8419,Imagination Island
614,Puerto El Triunfo,SV,86.92,overcast clouds,13.2833,-88.55,Hotel Jardin
617,Tottori,JP,64.47,scattered clouds,35.5,134.2333,Hotel Monarque Tottori
618,Padang,ID,76.8,overcast clouds,-0.9492,100.3543,Mercure Padang
623,Arang,IN,71.35,broken clouds,21.2,81.9667,Hotel Kunwar Shree
624,Lima,PE,61.39,broken clouds,-12.0432,-77.0282,Gran Hotel Bolivar Lima
625,Hot Springs,US,84.51,few clouds,34.5037,-93.0552,Embassy Suites by Hilton Hot Springs Hotel & Spa
626,Villa Guerrero,MX,73.44,overcast clouds,18.8667,-99.65,"Ixtapan de la Sal Marriott Hotel, Spa & Convention Center"
629,Am Timan,TD,77.81,overcast clouds,11.0297,20.2827,Palais du chef Canton Salamt
632,Malibu,US,81.27,clear sky,34.005,-118.8101,Malibu Country Inn
633,Ban Bung,TH,75.81,overcast clouds,18.3081,100.7044,เฮือนวาดเขียน
635,Lahaina,US,87.04,overcast clouds,20.8783,-156.6825,Lahaina Shores Beach Resort
636,Pahrump,US,67.24,clear sky,36.2083,-115.9839,Best Western Pahrump Oasis
638,Veinticinco De Mayo,AR,65.05,overcast clouds,-35.4323,-60.1727,Estancia La Rosada
639,San Andres,CO,86.02,few clouds,12.5847,-81.7006,Hotel Arena Blanca
640,San Policarpo,PH,78.67,overcast clouds,12.1791,125.5072,Agapita M. Nicart
641,Rio Grande,BR,75.31,overcast clouds,-32.035,-52.0986,Hotel Atlântico Rio Grande
642,Acapulco,MX,85.28,few clouds,16.8634,-99.8901,HS Hotsson Smart Acapulco
643,Port Blair,IN,81.12,overcast clouds,11.6667,92.75,"Welcomhotel By ITC Hotels, Bay Island, Port Blair"
644,Basco,PH,80.89,overcast clouds,20.4487,121.9702,Nathaniel's Lodge
645,Omboue,GA,77.2,light rain,-1.5746,9.2618,Hotel Olako
647,Huitziltepec,MX,78.71,few clouds,17.8167,-99.4667,Fidelina Garcia
651,Cadillac,US,65.43,scattered clouds,44.2519,-85.4012,"Holiday Inn Express & Suites Cadillac, an IHG Hotel"
652,Sabha,LY,68.36,clear sky,27.0377,14.4283,Foundation Taaj Asala for Historical Research and Archeology
653,San-Pedro,CI,78.08,light rain,4.7485,-6.6363,Hotel Maria
655,Anjozorobe,MG,61.12,broken clouds,-18.4,47.8667,Domaine LE CASTEL Mevatanàna Anjozorobe
656,Filadelfia,US,72.7,overcast clouds,39.9523,-75.1638,"The Ritz-Carlton, Philadelphia"
657,Tautira,PF,84.22,broken clouds,-17.7333,-149.15,Pension Oaoa
658,Lincoln,US,66.65,clear sky,40.8,-96.667,Courtyard by Marriott Lincoln Downtown/Haymarket
659,Myitkyina,MM,76.3,clear sky,25.3833,97.4,Shwe Phyu Hotel
661,Poum,NC,74.14,clear sky,-20.2333,164.0167,Gîte kajeon
663,Sharjah,AE,87.78,clear sky,25.3573,55.4033,Swiss Belhotel Sharjah
665,Bafia,CM,70.43,light rain,4.75,11.2333,Rim touristique hôtel
666,Tupiza,BO,77.67,broken clouds,-21.45,-65.7167,La Torre Hotel
669,Bairiki,KI,82.4,scattered clouds,1.3292,172.9752,Tarawa Boutique Hotel
671,Kulhudhuffushi,MV,82.42,scattered clouds,6.6221,73.07,Hondaafushi Island Resort
672,Pokhara,NP,68.07,clear sky,28.2333,83.9833,Butterfly Lodge
673,Holetown,BB,84.76,clear sky,13.1867,-59.6381,The Palms Resort
674,Lata,PT,60.06,clear sky,40.1629,-8.3327,Casa Maquia
675,Teahupoo,PF,78.76,overcast clouds,-17.8333,-149.2667,Vanira Lodge
677,Diamantino,BR,88.11,scattered clouds,-14.4086,-56.4461,Hotel Delta
683,Chilca,PE,68.61,broken clouds,-12.5211,-76.7372,Playa Punta Yaya - Las Salinas
689,Abu Kamal,SY,74.8,broken clouds,34.4506,40.9171,محطة التلفاز
691,Ormara,PK,79.95,clear sky,25.2088,64.6357,Crystal Beach and Camping Resort Ormara
692,Forestville,US,75.24,broken clouds,38.8451,-76.875,Quality Inn Near Joint Base Andrews-Washington Area
693,Biltine,TD,83.84,overcast clouds,14.5333,20.9167,Hôtel Trois Étoiles de Biltine
694,Baturaja,ID,74.14,overcast clouds,-4.1333,104.1667,"HOTEL Sekar Sunja, Baturaja Timur, Ogan Komering Ulu"
695,Sur,OM,79.11,clear sky,22.5667,59.5289,Sur Plaza Hotel
696,Quelimane,MZ,71.15,clear sky,-17.8786,36.8883,Hotel Flamingo
702,Cidreira,BR,67.46,overcast clouds,-30.1811,-50.2056,Hotel Castelo
705,Kalabo,ZM,68.72,clear sky,-14.97,22.6814,Sikakubete Guest House Kalabo Town Council
709,Port-Gentil,GA,78.76,moderate rain,-0.7193,8.7815,Fengshui Residence
711,Alta Gracia,AR,75.88,clear sky,-31.6529,-64.4283,Hotel Ritz
712,Pisco,PE,64.45,clear sky,-13.7,-76.2167,Hotel San Isidro Oficial
714,Samana,DO,82.62,light rain,19.2056,-69.3369,The Bannister - Hotel & Yacht Club
